{
  "DummyClassifier": {
    "accuracy": 0.6766666666666666,
    "f1": 0.0,
    "roc_auc": 0.5
  },
  "LogisticRegression": {
    "accuracy": 0.8054166666666667,
    "f1": 0.7218582489577129,
    "roc_auc": 0.8762640609923316
  },
  "DecisionTree": {
    "accuracy": 0.8625,
    "f1": 0.7924528301886793,
    "roc_auc": 0.9034397853080087
  },
  "RandomForest": {
    "accuracy": 0.9254166666666667,
    "f1": 0.8786440677966102,
    "roc_auc": 0.967869997714692
  },
  "HistGradientBoosting": {
    "accuracy": 0.9354166666666667,
    "f1": 0.9003215434083601,
    "roc_auc": 0.9730500292011579
  }
}