{
  "ds1": {
    "algo": "kmeans",
    "k": 2,
    "silhouette": 0.5216395622404242,
    "davies_bouldin": 0.6853295219054459,
    "calinski_harabasz": 11786.954622671528,
    "noise_share": null,
    "n_clusters": 2
  },
  "ds2": {
    "algo": "agglomerative",
    "k": 2,
    "linkage": "average",
    "silhouette": 0.41976775922231674,
    "davies_bouldin": 0.879128779599685,
    "calinski_harabasz": 395.48256948317135,
    "noise_share": null,
    "n_clusters": 2
  },
  "ds3": {
    "algo": "agglomerative",
    "k": 2,
    "linkage": "average",
    "silhouette": 0.42529612444453263,
    "davies_bouldin": 0.813802016581118,
    "calinski_harabasz": 8.943143115556799,
    "noise_share": null,
    "n_clusters": 2
  }
}